<?xml version="1.0" encoding="UTF-8"?>
<configurationDescriptor version="62">
  <projectmakefile>Makefile</projectmakefile>
  <defaultConf>0</defaultConf>
  <confs>
    <conf name="C18_18F87K22" type="2">
      <platformToolSN>:=MPLABComm-USB-Microchip:=&lt;vid>04D8:=&lt;pid>900A:=&lt;rev>0002:=&lt;man>Microchip Technology Inc.:=&lt;prod>PICkit 3:=&lt;sn>BUR130171466:=&lt;drv>x:=&lt;xpt>h:=end</platformToolSN>
      <languageToolchainDir>/opt/microchip/xc8/v1.38/bin</languageToolchainDir>
      <mdbdebugger version="1">
        <placeholder1>place holder 1</placeholder1>
        <placeholder2>place holder 2</placeholder2>
      </mdbdebugger>
      <runprofile version="6">
        <args></args>
        <rundir></rundir>
        <buildfirst>true</buildfirst>
        <console-type>0</console-type>
        <terminal-type>0</terminal-type>
        <remove-instrumentation>0</remove-instrumentation>
        <environment>
        </environment>
      </runprofile>
    </conf>
    <conf name="XC8_18F87K22" type="2">
      <platformToolSN></platformToolSN>
      <languageToolchainDir>/opt/microchip/xc8/v1.38/bin</languageToolchainDir>
      <mdbdebugger version="1">
        <placeholder1>place holder 1</placeholder1>
        <placeholder2>place holder 2</placeholder2>
      </mdbdebugger>
      <runprofile version="6">
        <args></args>
        <rundir></rundir>
        <buildfirst>true</buildfirst>
        <console-type>0</console-type>
        <terminal-type>0</terminal-type>
        <remove-instrumentation>0</remove-instrumentation>
        <environment>
        </environment>
      </runprofile>
    </conf>
    <conf name="PICC18_18F87K22" type="2">
      <platformToolSN></platformToolSN>
      <languageToolchainDir>/Applications/HI-TECH/picc-18/pro/9.63PL4/bin</languageToolchainDir>
      <mdbdebugger version="1">
        <placeholder1>place holder 1</placeholder1>
        <placeholder2>place holder 2</placeholder2>
      </mdbdebugger>
      <runprofile version="6">
        <args></args>
        <rundir></rundir>
        <buildfirst>true</buildfirst>
        <console-type>0</console-type>
        <terminal-type>0</terminal-type>
        <remove-instrumentation>0</remove-instrumentation>
        <environment>
        </environment>
      </runprofile>
    </conf>
    <conf name="C18_18F1220" type="2">
      <platformToolSN></platformToolSN>
      <languageToolchainDir>/Applications/microchip/mplabc18/v3.40/bin</languageToolchainDir>
      <mdbdebugger version="1">
        <placeholder1>place holder 1</placeholder1>
        <placeholder2>place holder 2</placeholder2>
      </mdbdebugger>
      <runprofile version="6">
        <args></args>
        <rundir></rundir>
        <buildfirst>true</buildfirst>
        <console-type>0</console-type>
        <terminal-type>0</terminal-type>
        <remove-instrumentation>0</remove-instrumentation>
        <environment>
        </environment>
      </runprofile>
    </conf>
    <conf name="PICC18_18F1220" type="2">
      <platformToolSN></platformToolSN>
      <languageToolchainDir>/Applications/HI-TECH/picc-18/pro/9.63PL4/bin</languageToolchainDir>
      <mdbdebugger version="1">
        <placeholder1>place holder 1</placeholder1>
        <placeholder2>place holder 2</placeholder2>
      </mdbdebugger>
      <runprofile version="6">
        <args></args>
        <rundir></rundir>
        <buildfirst>true</buildfirst>
        <console-type>0</console-type>
        <terminal-type>0</terminal-type>
        <remove-instrumentation>0</remove-instrumentation>
        <environment>
        </environment>
      </runprofile>
    </conf>
    <conf name="XC8_18F1220" type="2">
      <platformToolSN></platformToolSN>
      <languageToolchainDir>/opt/microchip/xc8/v1.38/bin</languageToolchainDir>
      <mdbdebugger version="1">
        <placeholder1>place holder 1</placeholder1>
        <placeholder2>place holder 2</placeholder2>
      </mdbdebugger>
      <runprofile version="6">
        <args></args>
        <rundir></rundir>
        <buildfirst>true</buildfirst>
        <console-type>0</console-type>
        <terminal-type>0</terminal-type>
        <remove-instrumentation>0</remove-instrumentation>
        <environment>
        </environment>
      </runprofile>
    </conf>
    <conf name="C18_18F14K50" type="2">
      <platformToolSN></platformToolSN>
      <languageToolchainDir>/Applications/microchip/mplabc18/v3.40/bin</languageToolchainDir>
      <mdbdebugger version="1">
        <placeholder1>place holder 1</placeholder1>
        <placeholder2>place holder 2</placeholder2>
      </mdbdebugger>
      <runprofile version="6">
        <args></args>
        <rundir></rundir>
        <buildfirst>true</buildfirst>
        <console-type>0</console-type>
        <terminal-type>0</terminal-type>
        <remove-instrumentation>0</remove-instrumentation>
        <environment>
        </environment>
      </runprofile>
    </conf>
    <conf name="PICC18_18F14K50" type="2">
      <platformToolSN></platformToolSN>
      <languageToolchainDir>/Applications/HI-TECH/picc-18/pro/9.63PL4/bin</languageToolchainDir>
      <mdbdebugger version="1">
        <placeholder1>place holder 1</placeholder1>
        <placeholder2>place holder 2</placeholder2>
      </mdbdebugger>
      <runprofile version="6">
        <args></args>
        <rundir></rundir>
        <buildfirst>true</buildfirst>
        <console-type>0</console-type>
        <terminal-type>0</terminal-type>
        <remove-instrumentation>0</remove-instrumentation>
        <environment>
        </environment>
      </runprofile>
    </conf>
    <conf name="XC8_18F14K50" type="2">
      <platformToolSN></platformToolSN>
      <languageToolchainDir>/opt/microchip/xc8/v1.38/bin</languageToolchainDir>
      <mdbdebugger version="1">
        <placeholder1>place holder 1</placeholder1>
        <placeholder2>place holder 2</placeholder2>
      </mdbdebugger>
      <runprofile version="6">
        <args></args>
        <rundir></rundir>
        <buildfirst>true</buildfirst>
        <console-type>0</console-type>
        <terminal-type>0</terminal-type>
        <remove-instrumentation>0</remove-instrumentation>
        <environment>
        </environment>
      </runprofile>
    </conf>
    <conf name="C18_18F46J11" type="2">
      <platformToolSN></platformToolSN>
      <languageToolchainDir>/Applications/microchip/mplabc18/v3.40/bin</languageToolchainDir>
      <mdbdebugger version="1">
        <placeholder1>place holder 1</placeholder1>
        <placeholder2>place holder 2</placeholder2>
      </mdbdebugger>
      <runprofile version="6">
        <args></args>
        <rundir></rundir>
        <buildfirst>true</buildfirst>
        <console-type>0</console-type>
        <terminal-type>0</terminal-type>
        <remove-instrumentation>0</remove-instrumentation>
        <environment>
        </environment>
      </runprofile>
    </conf>
    <conf name="PICC18_18F46J11" type="2">
      <platformToolSN></platformToolSN>
      <languageToolchainDir>/Applications/HI-TECH/picc-18/pro/9.63PL4/bin</languageToolchainDir>
      <mdbdebugger version="1">
        <placeholder1>place holder 1</placeholder1>
        <placeholder2>place holder 2</placeholder2>
      </mdbdebugger>
      <runprofile version="6">
        <args></args>
        <rundir></rundir>
        <buildfirst>true</buildfirst>
        <console-type>0</console-type>
        <terminal-type>0</terminal-type>
        <remove-instrumentation>0</remove-instrumentation>
        <environment>
        </environment>
      </runprofile>
    </conf>
    <conf name="XC8_18F46J11" type="2">
      <platformToolSN></platformToolSN>
      <languageToolchainDir>/opt/microchip/xc8/v1.38/bin</languageToolchainDir>
      <mdbdebugger version="1">
        <placeholder1>place holder 1</placeholder1>
        <placeholder2>place holder 2</placeholder2>
      </mdbdebugger>
      <runprofile version="6">
        <args></args>
        <rundir></rundir>
        <buildfirst>true</buildfirst>
        <console-type>0</console-type>
        <terminal-type>0</terminal-type>
        <remove-instrumentation>0</remove-instrumentation>
        <environment>
        </environment>
      </runprofile>
    </conf>
    <conf name="C18_18F87J60" type="2">
      <platformToolSN></platformToolSN>
      <languageToolchainDir>/Applications/microchip/mplabc18/v3.40/bin</languageToolchainDir>
      <mdbdebugger version="1">
        <placeholder1>place holder 1</placeholder1>
        <placeholder2>place holder 2</placeholder2>
      </mdbdebugger>
      <runprofile version="6">
        <args></args>
        <rundir></rundir>
        <buildfirst>true</buildfirst>
        <console-type>0</console-type>
        <terminal-type>0</terminal-type>
        <remove-instrumentation>0</remove-instrumentation>
        <environment>
        </environment>
      </runprofile>
    </conf>
    <conf name="PICC18_18F97J60" type="2">
      <platformToolSN></platformToolSN>
      <languageToolchainDir>/Applications/HI-TECH/picc-18/pro/9.63PL4/bin</languageToolchainDir>
      <mdbdebugger version="1">
        <placeholder1>place holder 1</placeholder1>
        <placeholder2>place holder 2</placeholder2>
      </mdbdebugger>
      <runprofile version="6">
        <args></args>
        <rundir></rundir>
        <buildfirst>true</buildfirst>
        <console-type>0</console-type>
        <terminal-type>0</terminal-type>
        <remove-instrumentation>0</remove-instrumentation>
        <environment>
        </environment>
      </runprofile>
    </conf>
    <conf name="XC8_18F97J60" type="2">
      <platformToolSN></platformToolSN>
      <languageToolchainDir>/opt/microchip/xc8/v1.38/bin</languageToolchainDir>
      <mdbdebugger version="1">
        <placeholder1>place holder 1</placeholder1>
        <placeholder2>place holder 2</placeholder2>
      </mdbdebugger>
      <runprofile version="6">
        <args></args>
        <rundir></rundir>
        <buildfirst>true</buildfirst>
        <console-type>0</console-type>
        <terminal-type>0</terminal-type>
        <remove-instrumentation>0</remove-instrumentation>
        <environment>
        </environment>
      </runprofile>
    </conf>
  </confs>
</configurationDescriptor>
